text,intent
Add 'Shape of You' by Ed Sheeran to my playlist.,add
Could you please add the song 'Thriller'?,add
Add 'Bohemian Rhapsody' to my music list.,add
Add 'Hotel California' by Eagles.,add
I want to add 'Stairway to Heaven'.,add
Please add 'Hey Jude' by The Beatles.,add
Include 'Imagine' by John Lennon in my playlist.,add
Add 'Billie Jean' by Michael Jackson to my list.,add
Add 'Wonderwall' by Oasis.,add
Could you add 'Like a Rolling Stone' by Bob Dylan?,add
Add 'Smells Like Teen Spirit' by Nirvana.,add
Please add 'Purple Haze' by Jimi Hendrix.,add
Add 'Comfortably Numb' by Pink Floyd.,add
Can you add 'Sweet Child O' Mine' by Guns N' Roses?,add
Add 'All of Me' by John Legend to my music list.,add
I want to add 'Rolling in the Deep' by Adele.,add
Add 'Hallelujah' by Leonard Cohen to my playlist.,add
Include 'Take On Me' by a-ha.,add
Please add 'Let It Be' by The Beatles.,add
Add 'Every Breath You Take' by The Police.,add
Add 'Dancing Queen' by ABBA to my songs.,add
Could you add 'Imagine' by John Lennon?,add
Add 'Beat It' by Michael Jackson to my list.,add
I want to add 'What's Going On' by Marvin Gaye.,add
Please add 'Respect' by Aretha Franklin.,add
Include 'Hotel California' by Eagles in my playlist.,add
Add 'I Will Survive' by Gloria Gaynor.,add
Add 'Uptown Funk' by Bruno Mars to my playlist.,add
Can you add 'Hey Ya!' by OutKast?,add
Please add 'Stayin' Alive' by Bee Gees.,add
Add 'Wonderwall' to my music.,add
Add 'Under Pressure' by Queen and David Bowie.,add
I want to add 'Eye of the Tiger' by Survivor.,add
Add 'Billie Jean' by Michael Jackson to my list.,add
Include 'Like a Prayer' by Madonna.,add
Please add 'Back in Black' by AC/DC.,add
"Add 'September' by Earth, Wind & Fire.",add
Can you add 'Come Together' by The Beatles?,add
Add 'Don't Stop Believin'' by Journey.,add
Please add 'Livin' on a Prayer' by Bon Jovi.,add
Add 'Imagine' to my playlist.,add
Include 'Dream On' by Aerosmith in my list.,add
Add 'My Heart Will Go On' by Celine Dion.,add
I want to add 'Sweet Home Alabama' by Lynyrd Skynyrd.,add
Please add 'Thriller' by Michael Jackson.,add
Add 'Somebody to Love' by Queen.,add
Include 'Rolling in the Deep' by Adele.,add
Add 'One' by U2 to my playlist.,add
Can you add 'Superstition' by Stevie Wonder?,add
Add 'Heroes' by David Bowie.,add
Please add 'Imagine' by John Lennon to my list.,add
Add 'Another One Bites the Dust' by Queen.,add
Include 'Bohemian Rhapsody' by Queen.,add
Add 'Don't Stop Me Now' by Queen to my playlist.,add
Add 'Nothing Else Matters' by Metallica.,add
Please add 'Smells Like Teen Spirit' by Nirvana.,add
Add 'Creep' by Radiohead to my music.,add
Could you add 'We Will Rock You' by Queen?,add
Add 'Come As You Are' by Nirvana.,add
I want to add 'Yesterday' by The Beatles.,add
Include 'Highway to Hell' by AC/DC in my playlist.,add
Add 'One More Time' by Daft Punk.,add
Please add 'Piano Man' by Billy Joel.,add
Add 'Clocks' by Coldplay to my list.,add
Could you add 'Imagine' by John Lennon?,add
Add 'Let It Be' by The Beatles.,add
I want to add 'Shallow' by Lady Gaga and Bradley Cooper.,add
Include 'Smooth Criminal' by Michael Jackson.,add
Add 'Viva La Vida' by Coldplay.,add
Please add 'Take On Me' by a-ha.,add
Add 'Billie Jean' to my playlist.,add
Add 'Sweet Caroline' by Neil Diamond.,add
Can you add 'Hotel California' by Eagles?,add
Please add 'Bohemian Rhapsody' by Queen.,add
Add 'Thriller' by Michael Jackson.,add
Include 'All You Need Is Love' by The Beatles.,add
Add 'Hotel California' to my songs.,add
Add 'Imagine' by John Lennon.,add
Please add 'Smooth' by Santana.,add
Add 'Dancing Queen' by ABBA.,add
Can you add 'Purple Rain' by Prince?,add
Include 'Your Song' by Elton John.,add
Add 'Another Brick in the Wall' by Pink Floyd.,add
Please add 'Yesterday' by The Beatles.,add
Add 'Don't Stop Believin'' by Journey.,add
Could you add 'Imagine' by John Lennon?,add
Add 'Karma Police' by Radiohead.,add
I want to add 'I Want to Break Free' by Queen.,add
Include 'Under the Bridge' by Red Hot Chili Peppers.,add
Please add 'Don't Let Me Down' by The Chainsmokers.,add
Add 'Firework' by Katy Perry.,add
Can you add 'Rolling in the Deep' by Adele?,add
Add 'Halo' by Beyoncé to my playlist.,add
Please add 'Numb' by Linkin Park.,add
Include 'Smells Like Teen Spirit' by Nirvana.,add
Add 'Hey Jude' by The Beatles.,add
Could you add 'Seven Nation Army' by The White Stripes?,add
Add 'Just the Way You Are' by Bruno Mars.,add
Add 'Let Her Go' by Passenger.,add
Add 'Time' by Pink Floyd.,add
Include 'In the End' by Linkin Park.,add
Add 'Imagine' by John Lennon to my list.,add
Please add 'My Heart Will Go On' by Celine Dion.,add
Add 'Shape of You' by Ed Sheeran.,add
Can you add 'Shallow' by Lady Gaga and Bradley Cooper?,add
Add 'Someone Like You' by Adele.,add
Include 'Perfect' by Ed Sheeran.,add
Please add 'Billie Jean' by Michael Jackson.,add
Add 'Stay' by Rihanna to my playlist.,add
Add 'What a Wonderful World' by Louis Armstrong.,add
Include 'We Are the Champions' by Queen.,add
Add 'Despacito' by Luis Fonsi.,add
Please add 'Senorita' by Shawn Mendes and Camila Cabello.,add
Add 'See You Again' by Wiz Khalifa.,add
Can you add 'Rockstar' by Post Malone?,add
Add 'Sunflower' by Post Malone.,add
Please add 'Old Town Road' by Lil Nas X.,add
Include 'I Will Always Love You' by Whitney Houston.,add
Add 'Satisfaction' by The Rolling Stones.,add
Add 'God's Plan' by Drake.,add
Please add 'Finesse' by Bruno Mars.,add
Add 'I Gotta Feeling' by The Black Eyed Peas.,add
Can you add 'Sorry' by Justin Bieber?,add
Include 'Blurred Lines' by Robin Thicke.,add
Add 'Rolling in the Deep' by Adele.,add
Please add 'Shallow' by Lady Gaga and Bradley Cooper.,add
Add 'Castle on the Hill' by Ed Sheeran.,add
Include 'Roar' by Katy Perry.,add
Add 'Closer' by The Chainsmokers.,add
Please add 'Call Me Maybe' by Carly Rae Jepsen.,add
Add 'Uptown Funk' by Mark Ronson and Bruno Mars.,add
Can you add 'Photograph' by Ed Sheeran?,add
Add 'Bad Guy' by Billie Eilish.,add
Include 'Shape of You' by Ed Sheeran.,add
Please add 'Stay With Me' by Sam Smith.,add
Add 'Lean On' by Major Lazer.,add
Could you add 'Dark Horse' by Katy Perry?,add
Add 'Counting Stars' by OneRepublic.,add
Include 'Love Me Like You Do' by Ellie Goulding.,add
Add 'Happy' by Pharrell Williams.,add
Please add 'Radioactive' by Imagine Dragons.,add
Add 'Wake Me Up' by Avicii.,add
Include 'Thinking Out Loud' by Ed Sheeran.,add
Add 'Sugar' by Maroon 5.,add
Please add 'Royals' by Lorde.,add
Add 'The Nights' by Avicii.,add
Can you add 'Grenade' by Bruno Mars?,add
Add 'Somebody That I Used to Know' by Gotye.,add
Include 'Timber' by Pitbull and Kesha.,add
Add 'Cheap Thrills' by Sia.,add
Please add 'Don't Let Me Down' by The Chainsmokers.,add
Add 'Shape of You' by Ed Sheeran.,add
Include 'Stressed Out' by Twenty One Pilots.,add
Add 'Animals' by Martin Garrix.,add
Please add 'All About That Bass' by Meghan Trainor.,add
Add 'Shake It Off' by Taylor Swift.,add
Can you add 'Rude' by MAGIC!?,add
Add 'Can't Hold Us' by Macklemore.,add
Include 'Rockstar' by Post Malone.,add
Please add 'Bad Habits' by Ed Sheeran.,add
Add 'Sorry' by Justin Bieber.,add
Include 'Stay' by The Kid LAROI and Justin Bieber.,add
Add 'Blinding Lights' by The Weeknd to my playlist.,add
Include 'Sunflower' by Post Malone and Swae Lee in my list.,add
Add 'Dance Monkey' by Tones and I.,add
Could you add 'Lose Yourself' by Eminem?,add
Add 'Old Town Road' by Lil Nas X featuring Billy Ray Cyrus.,add
Add 'Watermelon Sugar' by Harry Styles to my playlist.,add
Please add 'Circles' by Post Malone.,add
Add 'Lovely' by Billie Eilish and Khalid.,add
I want to add 'Believer' by Imagine Dragons.,add
Add 'Someone You Loved' by Lewis Capaldi.,add
Include 'No Tears Left to Cry' by Ariana Grande.,add
Add 'Perfect' by Ed Sheeran to my playlist.,add
Could you please add 'Don't Start Now' by Dua Lipa?,add
Add 'Senorita' by Shawn Mendes and Camila Cabello.,add
Please add 'Bad Romance' by Lady Gaga.,add
Add 'Shape of You' to my songs.,add
Add 'One Dance' by Drake.,add
Include 'Uptown Funk' by Mark Ronson and Bruno Mars.,add
Please add 'Hello' by Adele.,add
Can you add 'Dynamite' by BTS?,add
Add 'Stressed Out' by Twenty One Pilots to my playlist.,add
Add 'Heat Waves' by Glass Animals.,add
I want to add 'Roar' by Katy Perry.,add
Please add 'Senorita' by Shawn Mendes.,add
Include 'Intentions' by Justin Bieber in my playlist.,add
Add 'Sucker' by Jonas Brothers to my music list.,add
Add 'Peaches' by Justin Bieber.,add
Add 'I'm Yours' by Jason Mraz.,add
Could you please add 'Good 4 U' by Olivia Rodrigo?,add
Add 'Rockstar' by DaBaby featuring Roddy Ricch.,add
Add 'Mood' by 24kGoldn featuring Iann Dior.,add
Please add 'Without Me' by Halsey.,add
Include 'Savage Love' by Jawsh 685 and Jason Derulo.,add
Add 'Lovely Day' by Bill Withers.,add
Can you add 'Bad Guy' by Billie Eilish?,add
Add 'Higher Love' by Kygo and Whitney Houston.,add
Add 'Girls Like You' by Maroon 5.,add
Add 'What Makes You Beautiful' by One Direction.,add
Include 'Feel Good Inc.' by Gorillaz.,add
Add 'Señorita' by Shawn Mendes to my playlist.,add
Please add 'Radioactive' by Imagine Dragons.,add
Add 'Drunk in Love' by Beyoncé.,add
Include 'Don't Stop the Music' by Rihanna.,add
Add 'Happy' by Pharrell Williams.,add
"Could you please add 'Thank U, Next' by Ariana Grande?",add
Add 'All Star' by Smash Mouth.,add
I want to add 'Levitating' by Dua Lipa.,add
Add 'Everything I Wanted' by Billie Eilish.,add
Include 'Lucid Dreams' by Juice WRLD.,add
Add 'Good as Hell' by Lizzo.,add
Add 'Truth Hurts' by Lizzo.,add
Please add 'Hello' by Adele.,add
Add 'Sugar' by Maroon 5 to my list.,add
Could you add 'Heat Waves' by Glass Animals?,add
Add 'Memories' by Maroon 5.,add
Please add 'I Don't Care' by Ed Sheeran and Justin Bieber.,add
Add 'Dancing With A Stranger' by Sam Smith.,add
Include 'Taki Taki' by DJ Snake.,add
Can you add 'Born This Way' by Lady Gaga?,add
Add 'Unforgettable' by French Montana.,add
Add 'Stay' by Zedd and Alessia Cara.,add
Please add 'Bad Habits' by Ed Sheeran.,add
Add 'Kings & Queens' by Ava Max to my playlist.,add
Include 'Happier' by Marshmello and Bastille.,add
Add 'Ride' by Twenty One Pilots.,add
Could you add 'The Middle' by Zedd?,add
Add 'Ocean Eyes' by Billie Eilish.,add
Please add 'Rockstar' by Post Malone.,add
Include 'Wow.' by Post Malone in my playlist.,add
Add 'Shut Up and Dance' by WALK THE MOON.,add
Can you add 'Elastic Heart' by Sia?,add
Add 'Thunder' by Imagine Dragons.,add
Include 'Sorry Not Sorry' by Demi Lovato.,add
Add 'Can't Feel My Face' by The Weeknd.,add
Add 'Hold On' by Justin Bieber.,add
I want to add 'Believer' by Imagine Dragons.,add
Add 'Wrecking Ball' by Miley Cyrus.,add
Please add 'Someone Like You' by Adele.,add
Add 'Lucid Dreams' by Juice WRLD.,add
Include 'New Rules' by Dua Lipa.,add
Add 'Stay With Me' by Sam Smith.,add
Add 'Attention' by Charlie Puth.,add
Please add 'Slow Hands' by Niall Horan.,add
Add 'IDGAF' by Dua Lipa.,add
Could you please add 'Don't Let Me Down' by The Chainsmokers?,add
Include 'Meant to Be' by Bebe Rexha.,add
Add 'Say So' by Doja Cat to my playlist.,add
Add 'Rise' by Katy Perry.,add
Please add 'Good as Hell' by Lizzo.,add
Add 'Intentions' by Justin Bieber.,add
I want to add 'Into You' by Ariana Grande.,add
Add 'Closer' by The Chainsmokers.,add
Please add 'Speechless' by Dan + Shay.,add
Include 'Break My Heart' by Dua Lipa.,add
Add 'Starboy' by The Weeknd.,add
Could you add 'Go Crazy' by Chris Brown?,add
Add 'God's Plan' by Drake.,add
Include 'Before You Go' by Lewis Capaldi.,add
Add 'Havana' by Camila Cabello.,add
Add 'If I Can't Have You' by Shawn Mendes.,add
Please add 'Call Me Maybe' by Carly Rae Jepsen.,add
Add '7 Rings' by Ariana Grande.,add
Include 'Shape of You' by Ed Sheeran in my playlist.,add
Add 'Don't Let Me Down' by The Chainsmokers.,add
Could you add 'Old Town Road' by Lil Nas X?,add
Add 'Circles' by Post Malone to my playlist.,add
Please add 'Love Yourself' by Justin Bieber.,add
Add 'Sunflower' by Post Malone.,add
I want to add 'Work' by Rihanna.,add
Add 'Somebody to Love' by Queen.,add
Include 'Sunflower' by Post Malone in my playlist.,add
Add 'Shape of You' by Ed Sheeran.,add
Could you please add 'Blank Space' by Taylor Swift?,add
Add 'Firework' by Katy Perry.,add
Include 'Get Lucky' by Daft Punk in my playlist.,add
Please add 'Royals' by Lorde.,add
"Add 'Break Up with Your Girlfriend, I'm Bored' by Ariana Grande.",add
Add 'Time of Our Lives' by Pitbull.,add
Could you add 'Body Like a Back Road' by Sam Hunt?,add
Add 'Where Are Ü Now' by Skrillex and Diplo.,add
Please add 'Old Town Road' by Lil Nas X.,add
Add 'Say Something' by A Great Big World.,add
Include 'Rather Be' by Clean Bandit.,add
Add 'Somebody That I Used to Know' by Gotye.,add
Can you add 'Ex's & Oh's' by Elle King?,add
Add 'Thunder' by Imagine Dragons to my playlist.,add
Add 'Let Me Love You' by Mario.,add
Include 'Hotline Bling' by Drake.,add
Please add 'Attention' by Charlie Puth.,add
Add 'Worth It' by Fifth Harmony.,add
Add 'On the Floor' by Jennifer Lopez.,add
I want to add 'Party Rock Anthem' by LMFAO.,add
Add 'Feel It Still' by Portugal. The Man.,add
Include 'Pillowtalk' by Zayn in my playlist.,add
Please add 'Wolves' by Selena Gomez and Marshmello.,add
Add 'Say You Won't Let Go' by James Arthur.,add
Could you add 'Roses' by The Chainsmokers?,add
Add 'I'm the One' by DJ Khaled.,add
Include 'Sicko Mode' by Travis Scott.,add
Please add 'Congratulations' by Post Malone.,add
Add 'Wow.' by Post Malone.,add
Can you add 'Wake Me Up' by Avicii?,add
Add 'Scars to Your Beautiful' by Alessia Cara.,add
Remove 'Imagine' by John Lennon from my playlist.,remove
Take 'Let It Be' by The Beatles off the list.,remove
Please remove 'Smells Like Teen Spirit' from my collection.,remove
Can you delete 'Rolling in the Deep' by Adele?,remove
Get rid of 'Billie Jean' by Michael Jackson from my list.,remove
Please take 'Shape of You' by Ed Sheeran off the playlist.,remove
Delete 'Hallelujah' by Leonard Cohen from my saved songs.,remove
Remove 'Bohemian Rhapsody' by Queen from my playlist.,remove
Take 'Hotel California' by The Eagles off the list.,remove
Can you remove 'Yesterday' by The Beatles from my collection?,remove
Please delete 'Like a Rolling Stone' by Bob Dylan.,remove
Get rid of 'Purple Rain' by Prince from the list.,remove
Can you take off 'Sweet Child O' Mine' by Guns N' Roses?,remove
Remove 'Back in Black' by AC/DC from my playlist.,remove
Delete 'Wonderwall' by Oasis from my saved songs.,remove
Can you remove 'Beat It' by Michael Jackson?,remove
Take 'Stayin' Alive' by the Bee Gees off my playlist.,remove
Please remove 'I Will Always Love You' by Whitney Houston.,remove
Can you delete 'Toxic' by Britney Spears from my list?,remove
Take 'Single Ladies' by Beyoncé off the playlist.,remove
Remove 'Smells Like Teen Spirit' by Nirvana.,remove
Can you remove 'Shake It Off' by Taylor Swift?,remove
Take 'Don’t Stop Believin' by Journey off the list.,remove
Delete 'Uptown Funk' by Mark Ronson from my saved songs.,remove
Remove 'All of Me' by John Legend from my playlist.,remove
Please take 'Rolling in the Deep' by Adele off the playlist.,remove
Get rid of 'Bohemian Rhapsody' by Queen.,remove
Remove 'Stay' by Rihanna from my playlist.,remove
Take 'Sweet Home Alabama' by Lynyrd Skynyrd off my playlist.,remove
Can you delete 'Let Her Go' by Passenger?,remove
Please remove 'We Are the Champions' by Queen from the list.,remove
Take 'My Heart Will Go On' by Celine Dion off the playlist.,remove
Delete 'Let It Go' by Idina Menzel from the collection.,remove
Remove 'No Scrubs' by TLC from the list.,remove
Can you take off 'Don’t Let Me Down' by The Chainsmokers?,remove
Remove 'I’m Yours' by Jason Mraz from my playlist.,remove
Please remove 'Love Yourself' by Justin Bieber.,remove
Delete 'One Dance' by Drake from my saved songs.,remove
Take 'Despacito' by Luis Fonsi off the list.,remove
Get rid of 'Thunder' by Imagine Dragons from my collection.,remove
Can you delete 'Take Me to Church' by Hozier?,remove
Remove 'The Weeknd' by Blinding Lights from my playlist.,remove
Please take 'Feel It Still' by Portugal. The Man off the list.,remove
Delete 'Old Town Road' by Lil Nas X from my collection.,remove
Remove 'Truth Hurts' by Lizzo from my playlist.,remove
Take 'God’s Plan' by Drake off the list.,remove
Can you remove 'Bad Guy' by Billie Eilish?,remove
Please remove 'Happier' by Marshmello from my playlist.,remove
Take 'Shape of You' by Ed Sheeran off the playlist.,remove
Remove 'Hello' by Adele from the saved songs.,remove
Can you delete 'No Tears Left to Cry' by Ariana Grande?,remove
Please remove 'Good 4 U' by Olivia Rodrigo from my playlist.,remove
Take 'Blinding Lights' by The Weeknd off the list.,remove
Remove 'Starboy' by The Weeknd from my collection.,remove
Delete 'Roar' by Katy Perry from the playlist.,remove
Please take 'Stay' by Zedd & Alessia Cara off the playlist.,remove
Can you remove 'Havana' by Camila Cabello from the list?,remove
Take 'WAP' by Cardi B off the collection.,remove
Delete 'Truth Hurts' by Lizzo from the playlist.,remove
Remove 'Rolling in the Deep' by Adele from the saved list.,remove
Please take 'Gangnam Style' by PSY off my playlist.,remove
Can you remove 'Levitating' by Dua Lipa from the playlist?,remove
Take 'Goodbye Yellow Brick Road' by Elton John off the list.,remove
Remove 'She Will Be Loved' by Maroon 5 from my playlist.,remove
Delete 'Diamonds' by Rihanna from the saved songs.,remove
Take 'Money’ by Cardi B off the playlist.,remove
Please remove 'Counting Stars' by OneRepublic from my list.,remove
Remove 'Teenage Dream' by Katy Perry from the collection.,remove
Delete 'Viva La Vida' by Coldplay from my playlist.,remove
Take 'Radioactive' by Imagine Dragons off the list.,remove
Please remove 'Just the Way You Are' by Bruno Mars.,remove
Take 'Rolling in the Deep' by Adele off my playlist.,remove
Please remove 'Thinking Out Loud' by Ed Sheeran.,remove
Can you delete 'Wake Me Up' by Avicii from the list?,remove
Remove 'Lose Yourself' by Eminem from the collection.,remove
Delete 'Toxic' by Britney Spears from my playlist.,remove
Take 'No Tears Left to Cry' by Ariana Grande off the list.,remove
Please remove 'Love Me Like You Do' by Ellie Goulding.,remove
Can you delete 'Here Comes the Sun' by The Beatles?,remove
Get rid of 'Rolling in the Deep' by Adele from the playlist.,remove
Remove 'The Scientist' by Coldplay from the collection.,remove
Take 'Just the Way You Are' by Bruno Mars off the list.,remove
Please remove 'Someone Like You' by Adele.,remove
Delete 'Firework' by Katy Perry from my playlist.,remove
Remove 'I Don’t Want to Miss a Thing' by Aerosmith.,remove
Take 'Let’s Stay Together' by Al Green off the playlist.,remove
Can you delete 'What a Wonderful World' by Louis Armstrong?,remove
Please remove 'Imagine' by John Lennon from my list.,remove
Remove 'Blinding Lights' by The Weeknd from the playlist.,remove
Take 'Shape of You' by Ed Sheeran off my collection.,remove
Delete 'Happy' by Pharrell Williams from the list.,remove
Please remove 'Uptown Funk' by Mark Ronson from the playlist.,remove
Get rid of 'Sicko Mode' by Travis Scott from my collection.,remove
Remove 'I Will Always Love You' by Whitney Houston from the list.,remove
Take 'Shake It Off' by Taylor Swift off the playlist.,remove
Please remove 'Bohemian Rhapsody' by Queen from the playlist.,remove
Remove 'Rolling in the Deep' by Adele from my saved songs.,remove
Take 'Hallelujah' by Leonard Cohen off the list.,remove
Can you delete 'Toxic' by Britney Spears from the collection?,remove
Please remove 'Old Town Road' by Lil Nas X from the playlist.,remove
Get rid of 'Sweet Child O' Mine' by Guns N' Roses from my collection.,remove
Take 'Rolling in the Deep' by Adele off the saved songs.,remove
Remove 'Someone Like You' by Adele from the playlist.,remove
Delete 'Imagine' by John Lennon from the collection.,remove
Can you remove 'Hallelujah' by Leonard Cohen from the playlist?,remove
Remove 'Take Me to Church' by Hozier from my collection.,remove
Please delete 'Rolling in the Deep' by Adele from the saved songs.,remove
Remove 'Wonderwall' by Oasis from my playlist.,remove
Can you take off 'My Heart Will Go On' by Celine Dion?,remove
Delete 'All of Me' by John Legend from the collection.,remove
Remove 'Firework' by Katy Perry from my list.,remove
Can you delete 'Lose Yourself' by Eminem from my playlist?,remove
Please remove 'Rolling in the Deep' by Adele from my saved songs.,remove
Take 'Stayin' Alive' by the Bee Gees off my playlist.,remove
Remove 'Bohemian Rhapsody' by Queen from my playlist.,remove
Please remove 'Imagine' by John Lennon from the list.,remove
Delete 'Toxic' by Britney Spears from my playlist.,remove
Take 'I Want It That Way' by Backstreet Boys off the playlist.,remove
Can you remove 'Thunder' by Imagine Dragons from my collection?,remove
Remove 'Shape of You' by Ed Sheeran from my playlist.,remove
Please delete 'Goodbye Yellow Brick Road' by Elton John.,remove
Can you delete 'Blinding Lights' by The Weeknd from the playlist?,remove
Take 'No Scrubs' by TLC off my saved songs.,remove
Please remove 'Thinking Out Loud' by Ed Sheeran from the playlist.,remove
Remove 'Sweet Home Alabama' by Lynyrd Skynyrd from the list.,remove
Can you remove 'Rolling in the Deep' by Adele from my playlist?,remove
Please remove 'Hallelujah' by Leonard Cohen from my collection.,remove
Delete 'I’m Yours' by Jason Mraz from the list.,remove
Take 'Stay' by Rihanna off my playlist.,remove
Remove 'We Are the Champions' by Queen from the playlist.,remove
Can you remove 'Back in Black' by AC/DC from the playlist?,remove
Take 'Sweet Child O' Mine' by Guns N' Roses off the collection.,remove
Please remove 'Let Her Go' by Passenger from my saved songs.,remove
Remove 'Radioactive' by Imagine Dragons from the list.,remove
Delete 'One Dance' by Drake from my playlist.,remove
Can you remove 'Don’t Stop Believin' by Journey from the playlist?,remove
Please delete 'Love Me Like You Do' by Ellie Goulding from my collection.,remove
Take 'Rolling in the Deep' by Adele off my list.,remove
Remove 'Wonderwall' by Oasis from my playlist.,remove
Can you remove 'Counting Stars' by OneRepublic from the list?,remove
Delete 'Lose Yourself' by Eminem from my saved songs.,remove
Please remove 'Stayin' Alive' by the Bee Gees from the playlist.,remove
Take 'My Heart Will Go On' by Celine Dion off the list.,remove
Remove 'Toxic' by Britney Spears from the saved songs.,remove
Please delete 'Viva La Vida' by Coldplay from the playlist.,remove
Remove 'Rolling in the Deep' by Adele from my saved list.,remove
Can you remove 'Uptown Funk' by Mark Ronson from my playlist?,remove
Take 'Sweet Child O' Mine' by Guns N' Roses off the list.,remove
Please remove 'Let’s Stay Together' by Al Green from my collection.,remove
Delete 'Firework' by Katy Perry from my saved songs.,remove
Can you remove 'Old Town Road' by Lil Nas X from the playlist?,remove
Please delete 'What a Wonderful World' by Louis Armstrong from the list.,remove
Remove 'Bohemian Rhapsody' by Queen from my saved songs.,remove
Take 'Just the Way You Are' by Bruno Mars off the playlist.,remove
Remove 'Levitating' by Dua Lipa from my saved songs.,remove
Delete 'I Will Always Love You' by Whitney Houston from my playlist.,remove
Please remove 'Take Me to Church' by Hozier from the list.,remove
Remove 'Havana' by Camila Cabello from the playlist.,remove
Take 'Despacito' by Luis Fonsi off the collection.,remove
Delete 'Stay' by Zedd & Alessia Cara from my playlist.,remove
Please remove 'Feel It Still' by Portugal. The Man from the list.,remove
Remove 'Shape of You' by Ed Sheeran from my saved songs.,remove
Can you take off 'Don’t Stop Believin' by Journey from my playlist?,remove
Take 'Rolling in the Deep' by Adele off my playlist.,remove
Please remove 'Blinding Lights' by The Weeknd from the saved songs.,remove
Remove 'God’s Plan' by Drake from my list.,remove
Delete 'Sicko Mode' by Travis Scott from the collection.,remove
Can you remove 'All of Me' by John Legend from the playlist?,remove
Please take 'Shake It Off' by Taylor Swift off my list.,remove
Remove 'I Don’t Want to Miss a Thing' by Aerosmith from the saved songs.,remove
Take 'No Scrubs' by TLC off the collection.,remove
Please remove 'Lose Yourself' by Eminem from the playlist.,remove
Delete 'Uptown Funk' by Mark Ronson from my saved songs.,remove
Remove 'Back in Black' by AC/DC from my collection.,remove
Can you take off 'Rolling in the Deep' by Adele from my list?,remove
Take 'Purple Rain' by Prince off my playlist.,remove
Please remove 'Rolling in the Deep' by Adele from my collection.,remove
Remove 'Stayin' Alive' by the Bee Gees from my saved songs.,remove
Delete 'I’m Yours' by Jason Mraz from the playlist.,remove
Take 'Lose Yourself' by Eminem off the list.,remove
Remove 'Shape of You' by Ed Sheeran from the saved songs.,remove
Please remove 'Just the Way You Are' by Bruno Mars from the list.,remove
Take 'Blinding Lights' by The Weeknd off my saved songs.,remove
Delete 'Hallelujah' by Leonard Cohen from the playlist.,remove
Remove 'Counting Stars' by OneRepublic from the playlist.,remove
Please remove 'Bohemian Rhapsody' by Queen from the list.,remove
Delete 'Rolling in the Deep' by Adele from my collection.,remove
Take 'My Heart Will Go On' by Celine Dion off my playlist.,remove
Remove 'Radioactive' by Imagine Dragons from the collection.,remove
Please take 'Shape of You' by Ed Sheeran off my list.,remove
Remove 'Despacito' by Luis Fonsi from the playlist.,remove
Can you delete 'Sweet Home Alabama' by Lynyrd Skynyrd from my collection?,remove
Please remove 'Toxic' by Britney Spears from the playlist.,remove
Take 'Stayin' Alive' by the Bee Gees off my saved songs.,remove
Remove 'Rolling in the Deep' by Adele from my playlist.,remove
Can you remove 'Bohemian Rhapsody' by Queen from the collection?,remove
Please delete 'I Will Always Love You' by Whitney Houston from my list.,remove
Remove 'Counting Stars' by OneRepublic from my collection.,remove
Take 'Firework' by Katy Perry off the saved songs.,remove
Please remove 'Shape of You' by Ed Sheeran from the list.,remove
Delete 'Toxic' by Britney Spears from my collection.,remove
Take 'Rolling in the Deep' by Adele off the list.,remove
Please remove 'Smells Like Teen Spirit' by Nirvana from the collection.,remove
Remove 'Lose Yourself' by Eminem from the playlist.,remove
Please remove 'I Don’t Want to Miss a Thing' by Aerosmith from the playlist.,remove
Delete 'Stayin' Alive' by the Bee Gees from my list.,remove
Take 'Bohemian Rhapsody' by Queen off the playlist.,remove
Remove 'Blinding Lights' by The Weeknd from my collection.,remove
Please remove 'Shape of You' by Ed Sheeran from the collection.,remove
Take 'Rolling in the Deep' by Adele off my playlist.,remove
Can you remove 'Hotel California' by The Eagles from the playlist?,remove
Please delete 'Let’s Stay Together' by Al Green from my list.,remove
Remove 'Smells Like Teen Spirit' by Nirvana from my saved songs.,remove
Delete 'Toxic' by Britney Spears from the list.,remove
Take 'Sweet Home Alabama' by Lynyrd Skynyrd off the collection.,remove
Can you delete 'Rolling in the Deep' by Adele from my saved list?,remove
Remove 'Blinding Lights' by The Weeknd from my playlist.,remove
Please remove 'Viva La Vida' by Coldplay from the list.,remove
Delete 'Stay' by Zedd & Alessia Cara from my saved songs.,remove
Take 'Shape of You' by Ed Sheeran off my collection.,remove
Remove 'Wonderwall' by Oasis from my playlist.,remove
Can you remove 'Uptown Funk' by Mark Ronson from my list?,remove
Please delete 'Counting Stars' by OneRepublic from the playlist.,remove
Remove 'Rolling in the Deep' by Adele from my collection.,remove
Take 'Don’t Stop Believin' by Journey off the list.,remove
Delete 'Purple Rain' by Prince from the playlist.,remove
Can you remove 'I Will Always Love You' by Whitney Houston from my list?,remove
Please remove 'I Will Always Love You' by Whitney Houston from the playlist.,remove
Take 'Counting Stars' by OneRepublic off my playlist.,remove
Can you remove 'Stayin' Alive' by the Bee Gees from my saved songs?,remove
Please delete 'All of Me' by John Legend from the list.,remove
Remove 'We Are the Champions' by Queen from my playlist.,remove
Take 'Let Her Go' by Passenger off the collection.,remove
Please remove 'Rolling in the Deep' by Adele from my saved list.,remove
Delete 'Shape of You' by Ed Sheeran from my playlist.,remove
Remove 'Havana' by Camila Cabello from the collection.,remove
Can you remove 'Blinding Lights' by The Weeknd from the playlist?,remove
Please delete 'Stay' by Zedd & Alessia Cara from my saved songs.,remove
Remove 'Hotel California' by The Eagles from the list.,remove
Take 'Rolling in the Deep' by Adele off the collection.,remove
Delete 'Sweet Home Alabama' by Lynyrd Skynyrd from my playlist.,remove
Please remove 'I’m Yours' by Jason Mraz from the list.,remove
Remove 'Firework' by Katy Perry from the playlist.,remove
Take 'No Scrubs' by TLC off my saved songs.,remove
Please delete 'Uptown Funk' by Mark Ronson from the list.,remove
Remove 'Lose Yourself' by Eminem from my saved collection.,remove
Can you remove 'Hallelujah' by Leonard Cohen from my playlist?,remove
Please remove 'Shape of You' by Ed Sheeran from my collection.,remove
Take 'Bohemian Rhapsody' by Queen off the playlist.,remove
Delete 'Toxic' by Britney Spears from the list.,remove
Remove 'Rolling in the Deep' by Adele from my collection.,remove
Please delete 'Sweet Child O' Mine' by Guns N' Roses from the list.,remove
Take 'Blinding Lights' by The Weeknd off my playlist.,remove
Remove 'All of Me' by John Legend from my saved songs.,remove
Please remove 'Imagine' by John Lennon from my playlist.,remove
Delete 'Wonderwall' by Oasis from my saved songs.,remove
Can you remove 'Don't Stop Believin' by Journey from my list?,remove
Take 'Bohemian Rhapsody' by Queen off my saved songs.,remove
Remove 'Shape of You' by Ed Sheeran from the playlist.,remove
Please delete 'Lose Yourself' by Eminem from my saved songs.,remove
Take 'Rolling in the Deep' by Adele off my playlist.,remove
Delete 'I Don’t Want to Miss a Thing' by Aerosmith from my saved songs.,remove
Remove 'Stay' by Rihanna from my playlist.,remove
Please remove 'Back in Black' by AC/DC from my list.,remove
Can you remove 'Wonderwall' by Oasis from my collection?,remove
Delete 'Despacito' by Luis Fonsi from my playlist.,remove
Take 'Shape of You' by Ed Sheeran off the collection.,remove
Remove 'Lose Yourself' by Eminem from my playlist.,remove
Please delete 'Stayin' Alive' by the Bee Gees from the list.,remove
Can you take 'Bohemian Rhapsody' by Queen off my saved songs?,remove
Take 'Counting Stars' by OneRepublic off my playlist.,remove
Please remove 'Rolling in the Deep' by Adele from my saved songs.,remove
Remove 'Toxic' by Britney Spears from the playlist.,remove
Please delete 'Stay' by Zedd & Alessia Cara from the collection.,remove
Can you remove 'Back in Black' by AC/DC from the saved songs?,remove
Take 'My Heart Will Go On' by Celine Dion off the playlist.,remove
Delete 'Firework' by Katy Perry from my saved list.,remove
Remove 'Stay' by Zedd & Alessia Cara from the playlist.,remove
Please remove 'Blinding Lights' by The Weeknd from my collection.,remove
Take 'I’m Yours' by Jason Mraz off my list.,remove
Remove 'Rolling in the Deep' by Adele from my playlist.,remove
Can you delete 'Viva La Vida' by Coldplay from my saved songs?,remove
Please remove 'Sweet Child O' Mine' by Guns N' Roses from the playlist.,remove
Delete 'Counting Stars' by OneRepublic from the list.,remove
Take 'Stayin' Alive' by the Bee Gees off my saved songs.,remove
Remove 'Shape of You' by Ed Sheeran from the playlist.,remove
Please remove 'Bohemian Rhapsody' by Queen from the playlist.,remove
Delete 'Don't Stop Believin' by Journey from my saved songs.,remove
Take 'Blinding Lights' by The Weeknd off my saved songs.,remove
Remove 'Sweet Home Alabama' by Lynyrd Skynyrd from the playlist.,remove
Please delete 'I Will Always Love You' by Whitney Houston from my list.,remove
Take 'I Will Always Love You' by Whitney Houston off the playlist.,remove
Delete 'Stay' by Zedd & Alessia Cara from my collection.,remove
Remove 'Shape of You' by Ed Sheeran from my playlist.,remove
Please remove 'Rolling in the Deep' by Adele from my list.,remove
Take 'Sweet Home Alabama' by Lynyrd Skynyrd off the playlist.,remove
Remove 'Stay' by Rihanna from my playlist.,remove
Can you delete 'Bohemian Rhapsody' by Queen from my playlist?,remove
Please remove 'I Don’t Want to Miss a Thing' by Aerosmith from my playlist.,remove
Take 'Despacito' by Luis Fonsi off my saved songs.,remove
Remove 'Counting Stars' by OneRepublic from the playlist.,remove
Please delete 'Back in Black' by AC/DC from my playlist.,remove
Can you take 'Stayin' Alive' by the Bee Gees off my saved songs?,remove
Remove 'Shape of You' by Ed Sheeran from my saved songs.,remove
Please remove 'Blinding Lights' by The Weeknd from my list.,remove
Can you show me my playlist?,view
View playlist,view
Please show me all the songs in my list.,view
Show me the songs I’ve added.,view
I would like to see my playlist.,view
Can you display my saved songs?,view
Please display all the tracks in my playlist.,view
Let me see the songs I’ve saved.,view
Can you show me the list of songs?,view
Please show me the tracks in my playlist.,view
Show me my collection of songs.,view
Can I see my playlist?,view
I need to view the songs in my playlist.,view
Could you show me the list of songs I’ve saved?,view
Please show me the playlist I’ve created.,view
Can you list all the songs I have in my playlist?,view
I want to view my saved tracks.,view
Show me the songs I’ve added to my playlist.,view
Could you show me my music library?,view
Let me see the playlist I have.,view
I would like to view all the tracks in my playlist.,view
Can you show me the music I’ve saved?,view
Please show me my saved playlist.,view
Let me see the collection of songs I have.,view
I want to see the songs in my playlist.,view
Please display the tracks I’ve saved.,view
Can you show me all the songs in my playlist?,view
Can I see the songs I’ve saved?,view
Please list all the songs I have in my collection.,view
Show me my song list.,view
Can I view my playlist?,view
I want to view the songs in my list.,view
Could you display the songs I’ve added?,view
Can you show me the tracks I’ve saved?,view
I would like to see the playlist I’ve made.,view
Please show me my favorite songs.,view
Can you show me my saved music?,view
I want to see the songs in my playlist.,view
Can I view the songs I’ve added?,view
Please display my playlist.,view
Can you list the songs in my playlist?,view
Let me see the songs I’ve saved.,view
I want to see all my saved songs.,view
Please show me the music I’ve added.,view
Could you display my saved playlist?,view
Show me the songs in my playlist.,view
Please list the songs I have added.,view
Can you show me the playlist I created?,view
I would like to view the tracks in my playlist.,view
Can I view the songs in my list?,view
Please show me the music I have saved.,view
I want to see the songs in my music library.,view
Can you show me all the tracks in my playlist?,view
Please display the songs I’ve added.,view
Let me see the songs I’ve saved.,view
Can I see the tracks in my playlist?,view
Please show me the list of songs.,view
Could you show me my playlist?,view
I would like to see all the songs I’ve saved.,view
Can you display the playlist I have?,view
Please show me all the tracks I have saved.,view
Can you show me my song collection?,view
Please display all the songs in my playlist.,view
I would like to view my playlist.,view
Can you show me the tracks I have?,view
Show me all the songs I’ve saved.,view
I want to see the playlist I’ve created.,view
Please show me my saved list.,view
Can you show me the tracks in my playlist?,view
Please display all the songs I’ve saved.,view
Can you list the songs I’ve saved?,view
Please show me my song list.,view
Can I see my playlist?,view
Can you show me the songs I’ve added to my playlist?,view
I would like to see my playlist.,view
Please list the tracks in my playlist.,view
Show me all the songs I’ve added.,view
Please show me the songs in my saved playlist.,view
Can you show me my song collection?,view
Please display the playlist I created.,view
Can I view the songs I’ve saved?,view
Please list the songs in my playlist.,view
Show me the playlist I’ve saved.,view
Can I see my playlist?,view
Can you show me my music list?,view
I would like to view my song collection.,view
Can you display the music in my playlist?,view
Let me see all the tracks in my playlist.,view
Please show me all my saved tracks.,view
I want to see the songs I’ve added to my list.,view
Can I view my playlist?,view
Please show me the songs I’ve saved in my playlist.,view
Can you show me the tracks I’ve added?,view
Please display the songs I have saved in my playlist.,view
Can you show me my saved playlist?,view
I want to view the songs in my collection.,view
Please display my playlist.,view
Can you show me the songs in my list?,view
Let me see my saved songs.,view
Can I see the songs I’ve added?,view
Please show me the tracks in my saved list.,view
Can you show me the songs I’ve added to my playlist?,view
Please list all my songs in the playlist.,view
I would like to see the songs in my list.,view
"Show me my playlist, please.",view
Can you show me my playlist?,view
Please display the tracks in my list.,view
Can you show me my saved music?,view
Let me see all my saved songs.,view
Can you show me the tracks I’ve saved?,view
Please show me my list of songs.,view
Can you list the songs in my playlist?,view
Show me my playlist.,view
Let me see all my songs in the playlist.,view
I want to view my song collection.,view
Please display the songs I’ve saved in my collection.,view
Can you show me my playlist?,view
Please display my list of saved tracks.,view
Can I see my saved songs?,view
Show me the songs I’ve added to my collection.,view
Can you show me the songs in my list?,view
I want to view the songs in my playlist.,view
Can you show me my saved songs?,view
Please list all the songs I’ve saved.,view
Can you show me my playlist?,view
Please display all my saved songs.,view
Can you show me my collection of songs?,view
Please show me all the tracks in my playlist.,view
Can you show me my playlist?,view
Please list the songs in my saved playlist.,view
Show me my saved playlist.,view
Can I see my saved list?,view
Please show me the tracks in my playlist.,view
Can I view my playlist?,view
Please show me my saved tracks.,view
Can you display my playlist?,view
Let me see the songs I’ve saved in my playlist.,view
Show me the songs I’ve saved.,view
I want to see the tracks in my playlist.,view
Can you show me the songs in my saved playlist?,view
Please show me my collection of tracks.,view
Can I see all the songs in my playlist?,view
Please show me the playlist I’ve created.,view
I want to view the songs in my music library.,view
Show me the music I’ve saved.,view
Please display the songs in my playlist.,view
Can I see the playlist I’ve saved?,view
Please show me the songs I’ve saved.,view
Can you show me my saved tracks?,view
Show me the playlist I’ve created.,view
Let me see my saved playlist.,view
Please show me the tracks I’ve added.,view
Can you show me the songs in my list?,view
I would like to see all the songs in my playlist.,view
Can you list the songs I have saved?,view
Please display all the songs I’ve added.,view
Can I view my saved playlist?,view
"Show me my saved playlist, please.",view
Can you display the tracks in my playlist?,view
Let me see the list of songs I’ve added.,view
Can you show me my saved playlist?,view
I want to view all the songs in my playlist.,view
Please show me the playlist I created.,view
Can I view all my saved tracks?,view
Please display my saved songs.,view
Can you show me my playlist of saved songs?,view
"Let me see my playlist, please.",view
I want to see the tracks I’ve saved.,view
"Show me my playlist, please.",view
Can I see the songs in my collection?,view
Can you display the playlist I’ve created?,view
Let me view all my saved songs.,view
Can I view the songs in my playlist?,view
Please show me my list of tracks.,view
Show me all the songs I’ve saved in my playlist.,view
I want to see the songs in my playlist.,view
Can you show me my list of tracks?,view
Can you show me the songs I have saved?,view
Please display the playlist I’ve created.,view
Show me the playlist I have created.,view
Please show me all the tracks I have added.,view
Can you show me my saved playlist?,view
Please show me all the songs in my playlist.,view
Can you show me the tracks in my saved list?,view
Please display my playlist.,view
Let me see all the songs in my list.,view
Can you show me my saved tracks?,view
I want to see the list of songs I’ve saved.,view
Please list all the tracks I’ve saved.,view
Can I view the songs in my playlist?,view
Please show me the songs I’ve saved in my list.,view
Can I see my saved playlist?,view
Can you show me the songs in my playlist?,view
Please display my playlist of songs.,view
I would like to view the songs in my saved playlist.,view
Can you show me all the songs I have saved?,view
Please show me my song library.,view
Let me view the playlist I’ve created.,view
Can you show me the music I’ve saved?,view
Show me my song collection.,view
Please show me my saved song collection.,view
Can you display the songs I’ve added?,view
Let me see all the songs in my playlist.,view
Please show me my songs.,view
Can you display my playlist?,view
Show me the playlist I have made.,view
Can I see the songs in my saved playlist?,view
Please list the songs I’ve added to my playlist.,view
Let me see the songs in my playlist.,view
Can you display my saved songs?,view
Please show me my list of saved songs.,view
Can you show me my music list?,view
Please display the playlist I’ve saved.,view
I would like to see the songs in my playlist.,view
Let me view the songs in my list.,view
Can I see the tracks I have saved?,view
Please display my playlist of songs.,view
Can you show me the songs I’ve added?,view
Please show me my saved playlist of songs.,view
Let me see my playlist.,view
Can I view all the songs in my playlist?,view
Show me the playlist I’ve saved.,view
Please display the list of songs I have added.,view
Can you show me all the songs in my playlist?,view
I want to see the tracks in my saved playlist.,view
Please show me all the songs in my playlist.,view
Let me see the playlist I have saved.,view
Can you show me the tracks I’ve added?,view
Please list the songs in my playlist.,view
Can you show me the songs in my playlist?,view
Can I view the tracks in my playlist?,view
Let me see the playlist I’ve saved.,view
Can you show me my song playlist?,view
Please show me the songs in my playlist.,view
Show me the tracks I have saved.,view
Can you display my saved songs?,view
Please list the songs in my playlist.,view
Can you display my saved playlist?,view
Please show me all the tracks I’ve added.,view
Let me see the tracks in my saved playlist.,view
Can you show me the songs from my playlist?,view
I want to see my playlist of songs.,view
Can you show me all the tracks I’ve added?,view
Please show me all the music in my playlist.,view
Let me see my saved music.,view
Can you display the list of songs in my playlist?,view
I want to see the tracks I have added.,view
Show me all the songs I’ve saved in my playlist.,view
Please show me the songs in my collection.,view
Let me view all the songs in my playlist.,view
Can you show me my saved tracks?,view
Please display all the songs I’ve added to my list.,view
Can you show me the songs I have added?,view
Please show me all the songs from my playlist.,view
I want to view the songs in my playlist.,view
Can you show me the saved songs in my playlist?,view
Let me see the playlist I’ve saved.,view
Please display my song playlist.,view
Can I view all the songs in my playlist?,view
Show me the list of tracks I’ve added.,view
Can you show me my song collection?,view
Let me view the playlist I’ve created.,view
Please show me my playlist with all the songs.,view
Can I see the tracks I’ve added to my playlist?,view
Please show me the songs from my playlist.,view
I want to see my saved songs.,view
Can you show me all the tracks I’ve saved?,view
Let me view the songs in my playlist.,view
Can I see my playlist?,view
Please display the playlist I have saved.,view
Can you show me the list of songs in my playlist?,view
Show me my playlist with all the tracks I’ve saved.,view
"Let me see my playlist, please.",view
Please show me my collection of saved songs.,view
Can you show me the songs in my saved list?,view
Let me view all the songs I’ve saved.,view
Please display my playlist of songs.,view
Can you show me my song list?,view
Please display all the songs I’ve added.,view
Let me see my playlist with all the tracks I’ve saved.,view
Can you show me my saved music?,view
Please show me my saved tracks.,view
Can you display all the songs in my playlist?,view
I want to see the songs in my saved playlist.,view
Can you show me my saved music collection?,view
Please list the songs I’ve added to my playlist.,view
Let me view all my saved tracks.,view
Can you display my saved songs list?,view
Please show me all the songs from my playlist.,view
Can you show me my tracks?,view
Please show me my songs from the playlist.,view
Let me see the songs I’ve added to my playlist.,view
Can I view all the songs in my saved playlist?,view
Please show me the tracks I’ve added.,view
Can you show me the songs in my playlist?,view
I would like to view my saved playlist.,view
Please show me all my saved tracks.,view
Can you display the songs in my playlist?,view
Let me see all the tracks I’ve saved in my playlist.,view
Can you show me my playlist of tracks?,view
Let me see all the music I’ve added.,view
Please show me my playlist of songs I’ve saved.,view
Can I see my playlist with all the songs?,view
Please display my playlist with the tracks I’ve saved.,view
Can you display my playlist?,view
Show me the tracks I’ve saved in my playlist.,view
Show me my playlist.,view
What songs are in my playlist?,view
Can I see my playlist?,view
Display my current playlist.,view
I want to look at my playlist.,view
Open my playlist for me.,view
Let me see what’s in my playlist.,view
List the songs in my playlist.,view
Show the tracks I have added.,view
Display all songs in my playlist.,view
Can you show me my song list?,view
What’s in my playlist now?,view
"View my playlist, please.",view
I'd like to see my playlist.,view
Show my current playlist tracks.,view
What’s in the playlist?,view
Open the playlist to view songs.,view
Bring up my playlist.,view
Display the songs I’ve saved.,view
Can I look at my song list?,view
Please show me the playlist.,view
I want to see my songs.,view
What songs have I added to my list?,view
Let me check my playlist.,view
"Pull up my playlist, please.",view
View the playlist for me.,view
Show my saved songs.,view
Can I see what songs are in my list?,view
What’s saved in my playlist?,view
Show the music in my playlist.,view
I want to see what I have added.,view
What tracks are in my playlist?,view
Display the full playlist.,view
What songs are saved in my list?,view
Can you display my playlist?,view
Can you show me the list of songs in my playlist?,view
'Please display the playlist I have saved.',view
Open up my song list.,view
Let me view the playlist.,view
I want to see my added songs.,view
Can I look at my saved songs?,view
Show me what I have in my playlist.,view
Open my song collection.,view
View all songs in my playlist.,view
Display what’s in my playlist.,view
Show me the list of my songs.,view
What does my playlist have?,view
I want to see my list of songs.,view
Display all tracks in my list.,view
Show the list of added songs.,view
Please bring up my playlist.,view
What’s my current song list?,view
Let me see my current playlist.,view
I want to view my saved playlist.,view
Show me all songs in the playlist.,view
Pull up the songs I have saved.,view
What songs do I have in my playlist?,view
Let’s see my playlist.,view
Bring up my saved songs.,view
Show me my music list.,view
Display my current songs.,view
Can I see the playlist I made?,view
List my saved playlist songs.,view
I need to view my songs.,view
Can you show my list of songs?,view
Open the playlist I have.,view
I’d like to see my saved music.,view
What music is in my playlist?,view
Show all the songs in my list.,view
I want to view my music collection.,view
Display all my saved music.,view
List the tracks in my playlist.,view
Pull up my song list.,view
I’d like to check my playlist.,view
Clear my playlist.,clear
"Clear the entire playlist, please.",clear
Please clear all the songs.,clear
I want to clear everything.,clear
Clear the playlist right now.,clear
Can you clear my entire music list?,clear
Please clear my playlist completely.,clear
Remove everything from the playlist.,clear
Clear all the tracks from my playlist.,clear
Erase all the songs from the list.,clear
Can you clear the playlist for me?,clear
Clear all music on my playlist.,clear
Please erase everything from the playlist.,clear
I would like to clear all songs in my list.,clear
Clear my entire list of songs.,clear
Delete all the songs from my playlist.,clear
Wipe everything from my playlist.,clear
"Empty my playlist, please.",clear
Please remove every song in the playlist.,clear
Can you clean my playlist?,clear
Clear everything from my music list.,clear
Please delete all tracks from the playlist.,clear
I want to clear all my songs.,clear
Clear the playlist completely.,clear
Erase all songs from my list.,clear
Clear everything I added to the playlist.,clear
Remove all songs from the playlist.,clear
"Clear out my playlist, please.",clear
Delete every song in the playlist.,clear
I want to remove everything from my playlist.,clear
Can you clear the whole playlist?,clear
Please clear my entire song list.,clear
Clear all music in the playlist.,clear
Wipe out all tracks from the playlist.,clear
I need to delete all songs in my playlist.,clear
Can you remove every song from the playlist?,clear
"Clear everything from the playlist, please.",clear
Remove all the songs in my playlist.,clear
Clear my whole playlist.,clear
Erase every song in the playlist.,clear
Delete all songs from the list.,clear
Please clear all tracks in my playlist.,clear
Can you erase everything from my music list?,clear
Clear all my tracks.,clear
Please clear all music.,clear
I want to remove all songs from my playlist.,clear
Delete everything in my playlist.,clear
Clear the music list.,clear
I would like to delete every song in the playlist.,clear
Please erase the playlist entirely.,clear
Clear all music tracks.,clear
Remove all tracks in the playlist.,clear
Delete my music playlist.,clear
Can you clear my song collection?,clear
Clear all the tracks I added.,clear
Remove everything I added to my playlist.,clear
Clear all songs from my collection.,clear
Please delete all music tracks.,clear
I want to clear all the songs in my list.,clear
Clear my song list completely.,clear
Wipe all songs from my playlist.,clear
Delete all songs from my collection.,clear
Erase the entire playlist.,clear
Clear my entire list of songs.,clear
Please wipe my playlist clean.,clear
Clear my playlist and remove everything.,clear
Can you clear all my music tracks?,clear
Erase every song in my playlist now.,clear
Clear my entire song list.,clear
Delete all items in my playlist.,clear
Clear the playlist of all music.,clear
Please clear out my playlist.,clear
Clear all tracks from the music list.,clear
Wipe out every song from the list.,clear
Clear the music from my playlist.,clear
Delete the entire music collection.,clear
Clear out all my music.,clear
Please clear everything I have in the playlist.,clear
Remove every song from my list.,clear
Clear the songs from my playlist.,clear
Clear out my entire playlist.,clear
Please remove everything from my playlist.,clear
Delete the whole playlist.,clear
Can you clear my playlist for me?,clear
Clear the playlist and erase all songs.,clear
Clear all songs from my music list.,clear
Erase my music playlist entirely.,clear
Clear out every song in the playlist.,clear
"Clear the entire playlist, all songs included.",clear
Wipe out every track in my playlist.,clear
Delete all tracks from my list of songs.,clear
Clear my playlist and remove all tracks.,clear
Clear all music from the playlist.,clear
Remove all music from my playlist.,clear
Delete every track from my playlist.,clear
Clear out my playlist completely.,clear
Clear all content from my playlist.,clear
Clear the entire music list.,clear
Remove every song from my music collection.,clear
Clear my entire collection of songs.,clear
I need to clear my playlist entirely.,clear
Delete all music I added to the playlist.,clear
Please clear everything from the playlist.,clear
Clear all tracks in the list.,clear
Wipe out the playlist and all the songs.,clear
Delete the entire playlist now.,clear
Clear the playlist and remove all songs.,clear
"Remove everything in my playlist, please.",clear
"Clear my entire playlist, every song.",clear
Delete all content from the playlist.,clear
Clear my playlist and delete everything.,clear
Please clear the whole playlist now.,clear
Erase all music from the list.,clear
Wipe the playlist clean.,clear
Clear my list of every song.,clear
Delete everything I added in the playlist.,clear
Remove all songs from the music list.,clear
Clear the playlist completely now.,clear
Clear the playlist of every track.,clear
Delete my entire playlist.,clear
Please wipe my entire playlist.,clear
Erase every song I have in the playlist.,clear
Clear my playlist and remove all content.,clear
Clear all songs from the playlist,clear
Clear all my music from the playlist,clear
Delete the music in my playlist,clear
Can you clear my playlist of songs,clear
Erase everything I have in my playlist,clear
Clear the list completely,clear
Remove every song from my music list,clear
Clear out all the songs,clear
Delete all content from my playlist,clear
Erase all the songs in my playlist,clear
Remove all tracks from my playlist,clear
Clear the playlist right now,clear
Clear my list now,clear
Delete every song in the list,clear
Clear all the tracks from the playlist,clear
Please clear out everything from my playlist,clear
Clear the playlist of every track,clear
Erase the entire list,clear
Clear out every song in my playlist,clear
Wipe the entire playlist,clear
Delete all the songs I added,clear
Clear all music in the playlist,clear
Please clear my song list,clear
Clear all tracks in my playlist,clear
Delete every song from my playlist,clear
Clear everything on the playlist,clear
Remove all items from my playlist,clear
Clear all the music,clear
Can you clear all songs from my list,clear
Wipe everything from my playlist,clear
Clear the entire playlist,clear
Delete my entire playlist,clear
Remove every song in the playlist,clear
Erase every song in my playlist,clear
Clear my playlist completely,clear
Clear my entire music list,clear
Clear the songs from my list,clear
Erase all tracks from the playlist,clear
Delete every song I added to my list,clear
Remove all the songs from my playlist,clear
Clear all content,clear
Clear every song,clear
Erase my music,clear
Clear the entire playlist,clear
Delete everything from the playlist,clear
Clear all the songs from my list,clear
Please erase all tracks in the playlist,clear
Clear the playlist of all tracks,clear
Remove all music in the playlist,clear
Delete all music in the playlist,clear
Clear the playlist of every song,clear
Erase the playlist entirely,clear
Delete the songs in my playlist,clear
Clear all added songs,clear
Clear all content in my playlist,clear
Erase every song added,clear
Clear all music from the list,clear
Delete the entire playlist now,clear
Clear every track from my playlist,clear
Erase everything I added,clear
Clear the playlist right now,clear
Wipe out all tracks from the playlist,clear
Clear the playlist now,clear
Delete all content from the playlist,clear
Clear everything on the list,clear
Clear the music from my playlist,clear
Remove all the music,clear
Clear all the tracks on my playlist,clear
Delete every single song from my playlist,clear
Clear everything in the music list,clear
Erase everything from the list,clear
Clear the music list,clear
Clear my playlist of all music,clear
Clear everything from the music list,clear
Remove all music tracks,clear
Clear the playlist of all music,clear
Please clear my entire list of songs,clear
Clear out my playlist,clear
Clear all songs added to the playlist,clear
Clear all tracks I added,clear
Remove every single song,clear
Clear the playlist entirely,clear
Clear everything I have in my playlist,clear
Delete all tracks from the playlist,clear
Clear my playlist of every track,clear
Clear my song collection,clear
Clear my music tracks,clear
Erase the entire music list,clear
Clear all music tracks from the playlist,clear
Clear my entire list,clear
Please wipe my entire music list,clear
Remove all the tracks from my music list,clear
Delete the playlist completely,clear
Wipe everything from the playlist now,clear
Erase all songs from my list,clear
Delete every song from the playlist now,clear
Clear all songs I added,clear
Erase the entire playlist right now,clear
Clear all content in my list,clear
Clear the playlist of every song I added,clear
Clear everything I have in my music list,clear
Clear all songs from my music collection,clear
Remove every single track from the playlist,clear
Delete every song in the list,clear
Clear all tracks in my music list,clear
Delete all the music in my list,clear
Clear the entire collection of music,clear
Please clear my entire playlist,clear
Clear out the music list,clear
Clear all tracks added to my playlist,clear
Delete every song I added,clear
Clear all items in my playlist,clear
Wipe the playlist clean,clear
Clear all songs from my music collection,clear
Clear out every song,clear
Clear my playlist now,clear
Remove all tracks from the music collection,clear
Please clear my music,clear
Delete everything from my music list,clear
Clear the entire list of songs,clear
Remove all songs from the music list,clear
Erase everything in my playlist,clear
Clear all tracks I added to my playlist,clear
Clear my entire music list right now,clear
Wipe out the entire playlist,clear
Remove all songs from my list of songs,clear
Clear everything from my playlist now,clear
Delete every song from my music list,clear
Erase every song from my playlist now,clear
Clear out every song in my music list,clear
Clear the entire playlist now,clear
Please clear the playlist completely,clear
Erase all songs in my playlist right now,clear
Clear my entire music list now,clear
Wipe the music list clean,clear
Delete every track in my playlist,clear
Remove all songs from my playlist now,clear
Clear my entire song collection,clear
Delete all songs from my list right away,clear
Clear my playlist of every track now,clear
Remove all tracks I’ve added,clear
Clear the list completely right now,clear
Clear all songs from my music list now,clear
Erase every song from the playlist,clear
Wipe all songs from my playlist,clear
Clear my list immediately,clear
Delete every single song now,clear
Clear my playlist as soon as possible,clear
Remove everything from my playlist right now,clear
Clear all songs from my music collection,clear
Clear my list right now,clear
Delete every music track in the list,clear
Erase every track from my list now,clear
Wipe the entire playlist now,clear
Delete every song from my playlist now,clear
Clear all music from the list right now,clear
Remove every track I’ve added,clear
Clear all items from my list now,clear
Delete all my playlist songs,clear
Clear my music list of everything,clear
Erase the entire list right now,clear
Clear my playlist completely now,clear
Clear every track in the playlist,clear
Wipe every song from my music list,clear
Delete every song from the list now,clear
Remove every song from my playlist right now,clear
Clear my playlist right away,clear
Clear the playlist completely now,clear
Remove all the tracks in my playlist,clear
Delete all my songs from the list,clear
Clear all tracks from my list,clear
Clear all music in my playlist right now,clear
Delete all the music in my playlist now,clear
Remove all tracks from my list,clear
Clear everything from the playlist right now,clear
Erase the entire playlist now,clear
Clear out the playlist immediately,clear
Clear my entire list,clear
Clear my playlist of all songs,clear
Clear my music now,clear
Delete everything from the playlist immediately,clear
Clear my playlist fully,clear
Remove all music from my list,clear
Display my playlist.,view
What songs are currently in my playlist?,view
List all tracks in my playlist.,view
I'd like to view my playlist.,view
Which songs are in my playlist?,view
Could you show my playlist?,view
Please display my music playlist.,view
Show the songs in my playlist.,view
Can you display my music list?,view
I'd like to see what's in my playlist.,view
What does my playlist look like?,view
Give me a list of the songs in my playlist.,view
Display all the songs I've added.,view
Which tracks are on my playlist?,view
Show the contents of my playlist.,view
Show me the songs I've saved to my playlist.,view
Can you list everything in my playlist?,view
I'd like to review my playlist.,view
What music do I have in my playlist?,view
Please show me my current playlist songs.,view
Remove all songs from my playlist.,clear
Delete every song in my playlist.,clear
Erase my entire playlist.,clear
Empty my playlist.,clear
Delete all tracks from my playlist.,clear
Wipe my playlist clean.,clear
Clear out my whole playlist.,clear
Remove everything from my playlist.,clear
I want to clear my playlist.,clear
Please remove all the songs from my playlist.,clear
Can you clear my playlist?,clear
Get rid of all tracks in my playlist.,clear
I want my playlist empty.,clear
Erase all the music in my playlist.,clear
Clear all the songs from my playlist.,clear
Remove all items from my playlist.,clear
Empty out my playlist.,clear
Delete all the music from my playlist.,clear
I want my playlist wiped.,clear
Remove all content in my playlist.,clear
Empty all songs from my playlist.,clear
Remove all playlist songs.,clear
I want to wipe my playlist.,clear
Clear my song list.,clear
Can you remove every track from my playlist?,clear
Remove every song currently on my playlist.,clear
Wipe all the songs in my playlist.,clear
Clear the entire playlist for me.,clear
Erase all tracks from my playlist.,clear
Remove all my tracks from the playlist.,clear
Clear my current playlist.,clear
Please erase my whole playlist.,clear
Remove all music entries from my playlist.,clear
Completely empty my playlist.,clear
Remove all content from my playlist.,clear
Delete all audio tracks from my playlist.,clear
Clear the playlist entirely.,clear
Remove all tracks from my list.,clear
Can you delete all songs from my playlist?,clear
Completely delete my playlist.,clear
Erase all songs and tracks from my playlist.,clear
Get rid of all songs in my playlist.,clear
Remove every single song from my playlist.,clear
Delete all music in my playlist.,clear
Clear my playlist now please.,clear
Delete all items from my playlist.,clear
Start my playlist from scratch.,clear
Delete everything from my playlist.,clear
Clear my playlist of everything.,clear
Remove every item from my playlist.,clear
Empty my playlist out.,clear
I'd like to delete all songs from my playlist.,clear
Wipe my entire playlist.,clear
Erase my playlist completely.,clear
Wipe out all playlist songs.,clear
Empty my entire playlist.,clear
Delete every audio track in my playlist.,clear
Clear my playlist of all songs.,clear
Wipe all entries from my playlist.,clear
Please clear my entire playlist.,clear
Clear every song from my playlist.,clear
Please erase my playlist.,clear
I want all songs deleted from my playlist.,clear
Wipe my playlist of all songs.,clear
Delete all songs currently on my playlist.,clear
Remove all music list songs.,clear
Please erase all my playlist.,clear
Please remove every song from my playlist.,clear
Wipe my music playlist.,clear
Please empty out my playlist.,clear
I want my playlist cleared out.,clear
Please wipe out my playlist.,clear
Clear all entries from my playlist.,clear
Erase all playlist content.,clear
Clear my playlist completely.,clear
Delete every track in my playlist.,clear
Remove all the tracks from my playlist.,clear
Clear all of my playlist.,clear
Empty all music from my playlist.,clear
Clear out every song in my playlist.,clear
Please wipe the playlist clean.,clear
Clear my full playlist.,clear
Please clear all content from my playlist.,clear
Delete everything currently in my playlist.,clear
Clear everything in my playlist.,clear
Empty the playlist for me.,clear
Remove everything I've added to my playlist.,clear
Please empty my music playlist.,clear
Remove all playlist entries.,clear
Remove all my playlist content.,clear
Clear my playlist now.,clear
Clear my music list.,clear
I'd like to clear my playlist completely.,clear
Clear the songs in my playlist.,clear
Add a song to my playlist.,add
Can you put a song on my list?,add
I'd like to add a song.,add
Please add a song.,add
Could you add a song for me?,add
Add another song to my playlist.,add
Add something new to my playlist.,add
Could you add any song to my playlist?,add
I'd like another song in my playlist.,add
"Put a song in my playlist, please.",add
Please put a song on my playlist.,add
Would you add a song to my list?,add
Could you insert a song to my playlist?,add
Let me add a song to my playlist.,add
I want to add a song to my playlist.,add
Add 'Don't Start Now'.,add
Please add 'Believer'.,add
Can you add 'Circles'?,add
I'd like to add 'Bohemian Rhapsody'.,add
Put 'Uptown Funk' in my playlist.,add
Add 'First Class' to my playlist.,add
Add 'Peaches' to my list.,add
Could you put 'Take On Me' on my playlist?,add
Add 'Billie Jean' to my music.,add
I want to add 'Poker Face'.,add
Add 'God's Plan'.,add
Please add 'Blinding Lights'.,add
Can you add 'Radioactive'?,add
I'd like to add '7 Rings'.,add
Put 'Let It Be' in my playlist.,add
Add 'vampire' to my playlist.,add
Add 'Cupid' to my list.,add
Could you put 'No Tears Left To Cry' on my playlist?,add
Add 'Unholy' to my music.,add
I want to add 'Goosebumps'.,add
Add 'Bad Habits'.,add
Please add 'Wonderwall'.,add
Can you add 'About Damn Time'?,add
I'd like to add 'Dynamite'.,add
Put 'Intentions' in my playlist.,add
Add 'Cheap Thrills' to my playlist.,add
Add 'Despacito' to my list.,add
Could you put 'Heat Waves' on my playlist?,add
Add 'Hey Jude' to my music.,add
I want to add 'Kiss Me More'.,add
Add 'Stay'.,add
Please add 'Yesterday'.,add
Can you add 'Industry Baby'?,add
I'd like to add 'Royals'.,add
Put 'Easy On Me' in my playlist.,add
Add 'Thinking Out Loud' to my playlist.,add
Add 'Paint The Town Red' to my list.,add
Could you put 'Somebody That I Used to Know' on my playlist?,add
Add 'Shape of You' to my music.,add
I want to add 'Memories'.,add
Add 'Bad Habits' by The Weeknd.,add
Please add 'Wonderwall' by Post Malone to my playlist.,add
Can you add 'About Damn Time' by Dua Lipa?,add
I'd like to add 'Dynamite' by Karol G.,add
Put 'Intentions' by Doja Cat in my playlist.,add
Add 'Cheap Thrills' by Drake to my list.,add
Please put 'Despacito' by Olivia Rodrigo on my playlist.,add
Could you add 'Heat Waves' by Katy Perry to my playlist?,add
I want to add 'Hey Jude' by Imagine Dragons.,add
Add the track 'Kiss Me More' by Shakira.,add
Add 'Stay' by J Balvin.,add
Please add 'Yesterday' by Travis Scott to my playlist.,add
Can you add 'Industry Baby' by Calvin Harris?,add
I'd like to add 'Royals' by Beyoncé.,add
Put 'Easy On Me' by Maroon 5 in my playlist.,add
Add 'Thinking Out Loud' by SZA to my list.,add
Please put 'Paint The Town Red' by Maluma on my playlist.,add
Could you add 'Somebody That I Used to Know' by John Lennon to my playlist?,add
I want to add 'Shape of You' by Coldplay.,add
Add the track 'Memories' by Michael Jackson.,add
Add 'abcdefu' by Bruno Mars.,add
Please add 'Say So' by Lizzo to my playlist.,add
Can you add 'Anti-Hero' by Camila Cabello?,add
I'd like to add 'Sicko Mode' by Miley Cyrus.,add
Put 'Break My Soul' by Eagles in my playlist.,add
Add 'Counting Stars' by Adele to my list.,add
Please put 'Sad!' by Lil Nas X on my playlist.,add
Could you add 'Running Up That Hill' by Queen to my playlist?,add
I want to add 'Watermelon Sugar' by Lady Gaga.,add
Add the track 'In My Feelings' by Ed Sheeran.,add
Add 'Sunflower' by Harry Styles.,add
Please add 'Shallow' by Selena Gomez to my playlist.,add
Can you add 'Bad Guy' by Justin Bieber?,add
I'd like to add 'Enemy' by Oasis.,add
Put 'Girls Like You' by The Beatles in my playlist.,add
Add 'Rolling in the Deep' by Billie Eilish to my list.,add
Please put 'Taki Taki' by Rihanna on my playlist.,add
Could you add 'Lucid Dreams' by Taylor Swift to my playlist?,add
I want to add 'Imagine' by Sam Smith.,add
Add the track 'Ghost' by Bad Bunny.,add
Remove a song from my playlist.,remove
Can you delete a song from my list?,remove
I'd like to remove a song.,remove
Please remove a song.,remove
Could you get rid of a song?,remove
Take a song off my playlist.,remove
Remove one of the songs.,remove
Delete a song from my collection.,remove
Please delete a song for me.,remove
Take away a song from my playlist.,remove
Can you remove a song for me?,remove
Get rid of a song in my playlist.,remove
I want to remove a song from my playlist.,remove
Delete one song from my playlist.,remove
Remove something from my playlist.,remove
Remove 'Easy On Me' from my playlist.,remove
Please remove 'First Class'.,remove
Can you delete 'Thinking Out Loud'?,remove
I'd like to remove 'Sunflower'.,remove
Take 'God's Plan' off my playlist.,remove
Remove 'Sicko Mode'.,remove
Delete 'Running Up That Hill' from my list.,remove
Could you remove 'Halo'?,remove
Take 'Don't Start Now' out of my playlist.,remove
Delete 'Bad Guy'.,remove
Remove 'Enemy' from my playlist.,remove
Please remove '7 Rings'.,remove
Can you delete 'Taki Taki'?,remove
I'd like to remove 'Someone Like You'.,remove
Take 'Paint The Town Red' off my playlist.,remove
Remove 'Anti-Hero'.,remove
Delete 'Bad Habits' from my list.,remove
Could you remove 'Somebody That I Used to Know'?,remove
Take 'Bohemian Rhapsody' out of my playlist.,remove
Delete 'abcdefu'.,remove
Remove 'Chandelier' from my playlist.,remove
Please remove 'Thriller'.,remove
Can you delete 'Memories'?,remove
I'd like to remove 'Last Night'.,remove
Take 'Shallow' off my playlist.,remove
Remove 'Royals'.,remove
Delete 'No Tears Left To Cry' from my list.,remove
Could you remove 'Stay'?,remove
Take 'Billie Jean' out of my playlist.,remove
Delete 'Goosebumps'.,remove
Remove 'Uptown Funk' from my playlist.,remove
Please remove 'Sweet Child O' Mine'.,remove
Can you delete 'Poker Face'?,remove
I'd like to remove 'Blinding Lights'.,remove
Take 'Radioactive' off my playlist.,remove
Remove 'Ghost'.,remove
Delete 'Sad!' from my list.,remove
Could you remove 'Break My Soul'?,remove
Take 'Hey Jude' out of my playlist.,remove
Delete 'All of Me'.,remove
Remove 'Chandelier' by Doja Cat from my playlist.,remove
Please remove 'Thriller' by Justin Bieber.,remove
Can you delete 'Memories' by Drake?,remove
I'd like to remove 'Last Night' by Ed Sheeran.,remove
Take 'Shallow' by Oasis off the list.,remove
Delete 'Royals' by Camila Cabello from my collection.,remove
Could you remove 'No Tears Left To Cry' by J Balvin?,remove
Take 'Stay' by Imagine Dragons out of my playlist.,remove
Please delete 'Billie Jean' by Dua Lipa.,remove
Get rid of 'Goosebumps' by Lady Gaga from my playlist.,remove
Remove 'Uptown Funk' by Karol G from my playlist.,remove
Please remove 'Sweet Child O' Mine' by The Weeknd.,remove
Can you delete 'Poker Face' by Billie Eilish?,remove
I'd like to remove 'Blinding Lights' by Olivia Rodrigo.,remove
Take 'Radioactive' by Taylor Swift off the list.,remove
Delete 'Ghost' by Katy Perry from my collection.,remove
Could you remove 'Sad!' by Lizzo?,remove
Take 'Break My Soul' by John Lennon out of my playlist.,remove
Please delete 'Hey Jude' by Coldplay.,remove
Get rid of 'All of Me' by Michael Jackson from my playlist.,remove
Remove 'Dynamite' by Queen from my playlist.,remove
Please remove 'Cheap Thrills' by Shakira.,remove
Can you delete 'Stayin' Alive' by Adele?,remove
I'd like to remove 'Shape of You' by Post Malone.,remove
Take 'About Damn Time' by Eagles off the list.,remove
Delete 'Lose Yourself' by Calvin Harris from my collection.,remove
Could you remove 'Hotel California' by Miley Cyrus?,remove
Take 'Imagine' by SZA out of my playlist.,remove
Please delete 'Let It Be' by Bruno Mars.,remove
Get rid of 'Intentions' by Maroon 5 from my playlist.,remove
Remove 'Industry Baby' by Maluma from my playlist.,remove
Please remove 'Kiss Me More' by Bad Bunny.,remove
Can you delete 'Despacito' by The Beatles?,remove
I'd like to remove 'Flowers' by Lil Nas X.,remove
Take 'Heat Waves' by Beyoncé off the list.,remove
Delete 'Can't Stop the Feeling' by Harry Styles from my collection.,remove
Could you remove 'Take On Me' by Sam Smith?,remove
Take 'Believer' by Selena Gomez out of my playlist.,remove
Please delete 'Cupid' by Rihanna.,remove
Get rid of 'Senorita' by Travis Scott from my playlist.,remove
